{"title": "极客前端开发者劳卜精彩解读：通过微信小程序看前端利弊 ", "author": "admin", "time": "2016-10-12 18:26", "content": "前言 虽然内测名额十分稀少，但依赖中国广大开发者的破解和分享精神，在网络上很快出现了开发工具的破解版本和API文档。然而可能是微信的妥协或者早已预料，9月24日微信官方发布了不需要破解就可以使用的微信 小程序 开发者工具和文档，对于费劲心思破解完的开发者来说应该瞬间整个人都不好了。 以下便是微信提供的开发工具和文档地址： https://mp.weixin.qq.com/debug/wxadoc/dev/?t=1474644087418 作为一名具有极客精神的前端开发者，我也马上在这股热潮中试了下水，下载了小程序开发工具。下面是登陆后的界面： 从整个结构布局来看这款IDE工具可以分为三个部分，首先左侧为导航操作区域，中间是目录或展示区域，右侧为调试区域（很像Chrome的调试工具）。下面我就以前端的角度分别从代码角度和宏观角度介绍下自己对于微信小程序的看法。 代码角度 纵观整个开发文档，微信小程序的前端技术主要可以分为“框架”、“组件”和“API接口”。 1.框架 微信提供了一套自己的用于开发小程序的前端框架，和目前主流的前端框架相比，其既有类似的地方，也有特殊的地方。 特殊的地方在于其只能在微信小程序开发工具内使用，并做了相对严格的使用和配置限制，开发者必须按照其规定的用法来使用。一些外部的框架和插件在小程序里都是无法使用的，同时由于框架并非运行在浏览器中，所以 JavaScript 在 web 中一些能力都无法使用，如document，window等。 而相似的地方在于其包含了和其他框架一样的“逻辑层”和“视图层”，以数据驱动为主，不操作DOM元素等。下面以代码为例子来介绍： （1）数据绑定 < view > {{message}}  // page.js\r\nPage({\r\n    data: {\r\n      message: 'Hello MINA!'\r\n    }\r\n}) Page() 方法用来注册一个页面。接受一个 OBJECT 参数，其指定页面的初始数据、生命周期函数、事件处理函数等。这乍一看怎么和目前流行的Vue框架语法十分类似呢，Vue代码如下：  {{message}}  // page.js\r\nnew Vue({\r\n  data: {\r\n    message: 'Hello MINA!'\r\n  }\r\n}) 都是双括号插值语法，连数据初始化和双向绑定的格式都一样，好吧，就当纯属巧合吧。 这里需要注意的是，微信小程序提供了WXML后缀的文件类型，其实就是类似XML的标签语言文件。 （2）列表渲染  {{item}}  // page.js\r\nPage({\r\n    data: {\r\n      array: [1, 2, 3, 4, 5]\r\n    }\r\n}) 这样的列表渲染语法相信学过Angular和Vue的同学都比较容易掌握，都是非常的类似，当然还有条件渲染等。 （3）事件绑定  {{count}}  Page({\r\n    data: {\r\n      count: 1\r\n    },\r\n    add: function(e) {\r\n        this.setData({\r\n            data: this.data.count + 1\r\n        })\r\n    }\r\n}) 如果你学过React，那么其里面有一个setState的方法可以用来改变状态的值，这里的setDate也是一样的，通过绑定的add方法来改变视图中count的值。 （4）样式导入 /** common.wxss **/\r\n.small-p {\r\n    padding:5px;\r\n} /** app.wxss **/ @import \"common.wxss\";\r\n\r\n.middle-p {\r\n    padding:15px;\r\n} 这里小程序提供了又一种新的文件后缀类型WXSS，用于描述WXML的组件样式，其与CSS文件相比还提供了像SASS和LESS这样的预编译语言的样式导入功能，同时还提供了rpx及rem的单位尺寸功能。 （5）模块化 // common.js\r\nfunction sayHello(name) {\r\n    console.log('Hello ' + name + '!')\r\n}\r\nmodule.exports = {\r\n    sayHello: sayHello\r\n} var common = require('common.js')\r\nPage({\r\n    helloMINA: function() {\r\n      common.sayHello('MINA')\r\n    }\r\n}) 微信小程序秉承了JS模块化的机制，熟悉Require.js或者Sea.js的同学应该很熟悉，这里通过module.exports暴露对象，通过require来获取对象。 2.组件 小程序的组件其实也是框架的一部分，主要负责UI的呈现，也自带了一些功能与微信风格的样式。基本上移动端常用的组件都包含在内，比如表单组件、导航组件、媒体组件等。下面便是小程序提供的八类组件： 对于小程序的组件使用其实不是非常复杂，按照文档的使用示例便可以轻松搞定，详细地址： https://mp.weixin.qq.com/debug/wxadoc/dev/component/?t=1474644085698 3.API接口 相比微信公众号的开发，微信小程序向开发者提供了更多的API接口，可以方便的调起微信提供的能力，比如监听重力感应和罗盘数据、WebSocket连接、支付功能等。下面以一个发起网络请求的API为例： wx.request({\r\n    url: 'test.php',\r\n    data: {\r\n        name: 'luozh' ,\r\n        age: 18\r\n    },\r\n    header: {\r\n        'Content-Type': 'application/json'\r\n    },\r\n    success: function(res) {\r\n        console.log(\"请求成功\")\r\n    },\r\n    fail: function() {\r\n        console.log(\"请求失败\")\r\n    }\r\n}) wx.request发起的是https请求。一个微信小程序，同时只能有5个网络请求连接。关于更多API接口的介绍请查阅官方文档。 以上便是关于微信小程序前端代码部分的简单介绍，相信有一点前端框架使用经验的同学上手都是相对容易的，下面将从宏观角度讲解下我个人认为微信小程序给前端领域的带来影响。 宏观角度 微信小程序一出来的时候，网上关于其对于前端界的影响层出不穷，更多的文章和评论认为前端又要火了，前端的第二春来了，Javascript和HTML5的新时代来了等。 当然微信小程序的出现确实会给前端带来一定的推波助澜的效果，但是任何一件事物的诞生都是利弊并存的，微信小程序也不例外。以下便简单阐述下我个人的看法： 1.利 （1）提高开发兼容性：微信小程序可以说是重新定义了APP，使得一款应用能够在android、iphone及windows phone中都能运行，对于前端来说实现了“一次编译，到处运行”的理念。 （2）推动前端技术的发展：微信小程序以其简单的开发环境，使以Javascript和HTML5为主的前端技术在庞大的微信社交群体内传播，越来越多的人开始接触前端，参与到前端编码和设计中来，为前端技术贡献力量。 （3）其他... 2.弊 （1）增加前端工作量及学习成本：原本一名前端工程师负责的平台就很广泛，包括PC端、移动端、APP应用等，微信小程序的出现会要求前端涉及微信应用的开发，一定程度增加了学习和工作成本。同时企业也会增加这方面的开发和投入成本。 （2）前端竞争日趋明显：微信小程序的诞生可能又会吸引一批后台、APP开发等其他领域的人员转向前端开发，而这些本来就具备较强逻辑思维或者较强感性思维的人将挤掉那些处于前端边缘的新手，可能使得大部分低水平前端开发者面临失业或者找不到工作的危险。 （3）其他... 这里大概介绍了几点微信小程序给前端带来的影响，更多的大家可以补充。 总结 本文从代码角度和宏观角度简单阐述了微信小程序在前端领域的一些内容和影响，希望能够帮助那些不了解微信小程序的开发者很快入门并认识这一新的技术领域。 至于小程序对于前端的影响，反过来我们也可以这样认为： 技术的发展不是基于一个平台去改变，而是通过技术去驱动一个平台改变，正是因为前端的发展才催生了“小程序”的这种可能性…"}
{"title": "腾讯、阿里和百度已纷纷进场，那小程序到底是风口还是坑道？ ... ", "author": "Rolan", "time": "2019-5-15 00:03", "content": "文/李俊慧 校对/陈莉 小程序 是新风口，还是新坑道？ 日前，有关小程序生态或平台的利好消息可谓频传。 这厢蚂蚁金服对外宣布，蚂蚁金服董事长兼CEO井贤栋把今年的CEO特别大奖授予给了支付宝小程序技术团队。那边百度对外宣称，智能小程序月活已经超过2亿，入驻开发者超过8万家。 一时间，始于微信的小程序，已经聚齐了腾讯、百度和阿里巴巴等众多平台型巨头玩家，俨然成为当下最热门的新赛道。 那么，小程序生态到底是BAT等巨头们的专属模式，还是会成为各类流量型APP的新商业机会？ 入口之争：互联网巨头竞争的永恒战场 回顾互联网在国内过去二十多年的发展历程，本质上就是一场“入口”大战，而入口大战的本质就是抢用户、圈地盘。 最初的入口争夺战，主要体现为上网方式是用IP地址访问和域名访问，这催生了域名领域的稀缺优质域名资源的争夺战，也带来了第一轮互联网创富热潮。 包括58同城CEO姚劲波、美图创始人蔡文胜等一众大佬都是当初域名资源争夺战的受益者，甚至完成了他们创业“第一桶金”的积累。 显然，相较于IP地址，域名通过有含义的字符组合或简短易记的形式，输入方便、记忆简单，使得其有机会成为曾经国内互联网发展史上争夺最激烈的资源。 2000年至2007年间，在域名资源备受追捧的年代，因中文上网而起，围绕微软IE浏览器的地址栏大战也引发了众多关注，当时参战的主角包括百度、3721和CNNIC等。 他们之间因为抢夺IE地址栏的插件控制权，打得不可开交，也揭开了国内互联网领域不正当竞争的大幕。 2005年8月4日，百度正式在美国纳斯达克上市，也逐渐打开了搜索入口竞争的新战场，互联网的入口竞争从地址栏转战到搜索，包括360、搜狗、腾讯、阿里巴巴等，都曾参与其中，但最后百度占据了，伴随搜索的普及，互联网的入口竞争才从地址栏转战到搜索。 而当3G时代来临之后，围绕移动互联网的入口之争，也是打的火热。 2013年7月16日，百度宣布19亿美元全资收购在香港上市的网龙公司旗下的91无线业务、而当时百度耗费巨资收购91助手，也主要是看上了91助手在安卓手机中的APP分发渠道和能力。 只不过，谁也没想到，苹果手机的APPstore成为了名符其实的新入口，但曾经类似91助手、豌豆荚等早期安卓应用分发市场基本都萎缩了，被各类安卓手机品牌的自带应用市场所取代。 与此同时，由于微信的强社交属性，使得其成为横跨苹果IOS系统和安卓系统的共同“入口”。 全新战场：小程序已成为互联网新赛道 2016年1月11日，微信创始人张小龙表示，微信内部正在研究新的形态，叫“微信小程序”。 2016年9月21日，微信小程序正式开启内测，“触手可及、无需下载、用完即走”的使用方式和特点，使得微信小程序引起广泛关注。 2017年1月9日，微信小程序正式上线。用户可以体验到各种各样小程序提供的服务，当然，上线之初，游戏类小程序的占比颇高。 2019年1月9日-10日，在2019微信公开课PRO版上，微信发布小程序成绩单：覆盖超过200个细分行业,服务超过1000亿人次用户，年交易增长超过600%，创造超过5000亿的商业价值。 一时间，小程序生态的商业价值得到充分释放，也吸引了百度和阿里巴巴的效仿。 2018年7月，百度智能小程序也对外发布上线，2018年9月12日，阿里巴巴旗下支付宝小程序正式上线。 其中，在上线之初，支付宝已经有 2 万个小程序和 1.2 亿日活跃用户。而最新数据显示，截至2019年3月，支付宝小程序日活突破2.3亿，累计用户量突破6.4亿，平均7日留存率为43.26%。 而对于百度智能小程序，在2019百度联盟生态合作伙伴大会“智能小程序”分论坛上，百度声称，百度智能小程序月活已经超过2亿，入驻开发者超过8万家。 事实上，如火如荼的小程序生态或平台之争，说到底还是“入口”之争或超级APP之争。 从模式来看，任何超级流量类APP都可能涉足小程序生态之战，比如，头条APP、美团APP等。 前途难测：小程序平台之战已经不可避免 小程序最大的特点是“免下载、免安装，立点立用”，从技术上，它相当于把平台的用户ID账号体系与应用程序云存储等实现融合，使得相应平台的用户可以快捷体验相应的服务，而相应的小程序厂商也可以快速获取用户，甚至产生交易。 受小程序冲击最大的服务或业态，可能是移动互联网广告服务，这给了很多企业跳过品牌广告投放，直接进入效果投放的新渠道或新形式。 简单说，企业在各类APP投放的广告，既可以是传统的品牌展示类广告，也可以是链接跳转至小程序的偏应用型链接。 因此，对于类似头条、美团等流量型APP来说，不应该坐看微信小程序、百度智能小程序或支付宝小程序慢慢变大，而是应该及早布局，依托自身平台构建自己的小程序生态。 与微信不同的是，支付宝、美团、头条等APP的用户，访问目的比较明确，构建小程序生态时，确实需要平衡好“流量自用”和“流量变现”。 如果构建小程序生态的效益高于流量自用，就应该大胆加快步伐，但是，如果评估流量自用的效益更高，可适当控制小程序生态布局速度。 但是，不管怎样，对于流量型APP来说，它们流量变现的方式又多了一种形态，就是构建小程序生态。 对于小程序厂商来说，伴随BAT等越来越多巨头加入小程序生态，它们实现新模式或新服务快速推广的途径也变得更加丰富，这是好事。 而就监管而言，越来越多的平台加入小程序生态或平台之争，也就意味着对于小程序应用的监管将变得更加复杂，也需要及早予以关注。 比如，参照应用市场管理方式，加大对小程序平台的监管，从小程序上线、检测、下线及处罚等环节予以，适时明确相应的政策，避免小程序沦为各类违法犯罪活动的新温床。 总的来看，小程序竞争的不断升温，再度表明入口之争是互联网模式竞争的永恒话题。 (中国政法大学知识产权研究中心特约研究员李俊慧，长期关注、及等相关政策、法律及监管问题。)"}
{"title": "从产品角度，看小程序的设计 ", "author": "Rolan", "time": "2019-5-15 00:11", "content": "一年利用业余时间，帮朋友设计了一款 小程序 ，大大小小的迭代也有10多个了，今天就来聊聊关于小程序的设计思考。 引用微信之父张小龙的观点： “小程序是一种不需要下载安装即可使用的应用，它实现了应用“触手可及”的梦想，用户扫一扫或搜一下即可打开应用。也体现了“服务用户、不打扰用户、用完即走”的产品理念，用户不用关心是否安装太多应用的问题。应用将无处不在，随时可用，但又无需安装卸载。” 小程序和APP在设计上的本质区别是什么？ 大家在使用小程序和APP的时候，可能觉得并没有什么不一样，反正都是手机端，实际上有很多本质上的区别，主要有以下11个方面： 1.获取渠道 APP：必须通过应用商店（如 App Store）里下载 小程序：通过微信（扫描二维码、搜索…）直接获得 2.下载安装 APP：安装在手机内存中，就像自己买了辆车放在车库里随时开 小程序：不需要安装，就像免费用嘀嘀打车，召之即来 用完拜拜 3.占用空间 APP：一直存在手机中会占用空间，太多的APP可能会导致内存不足，总是清理缓存 小程序： 因为不需要安装，占用内存空间忽略不计 4.广告推送 APP：会隔三差五给用户推送广告，太多未读提示会逼死强迫症 小程序：不允许主动给用户发送广告，仅能回复模版消息 5.市场机会 APP：市场已接近饱和，几乎所有的领域都已经被覆盖 小程序：是一片蓝海，在新的使用场景下有很多瓜分蛋糕的好机会，尤其是线上+线下的模式 6.适配 APP：需要适配市场上很多款的主流手机，开发成本大 小程序：一次开发就可以自动适配所有手机 7.开发周期 APP：一款完善的双平台APP平均的开发周期约3个月 小程序：平均开发周期约2周，仅为APP的六分之一 8.发布 APP：需要向十几个应用商店提交审核，且每个应用商店要求的资料都不一样，非常繁琐 小程序：只需要提交到微信公众平台审核，审核周期短 9.用户群 APP：面向所有智能手机用户，截止2018年，约13亿人次 小程序：面向所有微信用户，截止2019年，月活10.82亿 10.功能 APP：可以实现完整功能 小程序：仅限微信提供的接口功能 11.推广难度 APP：需要用户主动下载十几M的程序包，在没有Wi-Fi的情况下推广艰难 小程序：可以通过二维码、微信搜索等方式直接获得，推广难度大大降低 小程序的价值体现 轻量 让用户便捷、迅速、简单、高效的获取服务，无需下载/安装/卸载、无需注册、用完既走：一是用户使用没有心里负担，二是省了APP下载的漏斗转化过程，要知道一个产品从广告展示→到下载安装→到注册激活的漏斗路径，很多时候是惨不忍睹的。同时小程序具有出色的使用体验， 页面加载速度比H5页面会更快，获取用户成本相对较低。 社交 必须和微信生态融入，那就必须考虑到微信的生态基因，这是最核心的价值，比如：你在小程序里玩游戏 ，你会想让朋友家人知道你有多厉害，所以 小程序比APP更容易让周围的人参与进来，这个流程可以触发更多的可能； 主动 小程序本身不是为了哗众取宠，必须对用户有切实的价值，能够让用户 在有需要时主动进入，主动唤醒 。所以很多小程序在设计的时候，都通过一些界面内的引导手段，抢占“我的小程序”的黄金位置，就是为了培养用户的主动； 引流 对于第三方来说，微信必须是重要的流量入口（月活用户10亿左右），在微信允许的范围内，用可能的手段获取用户流量，是我们需要着重考虑的； 数据 即便没有引流成功，至少可以获取用户数据，支持自有产品开展业务。比如小程序登录时需要微信授权，有的还需要手机验证码等等； 生态 结合微信自身的生态系统，小程序可以和公众号、订阅号相互依托，引入种子用户，并且在微信好友和朋友圈的传播中，不会有割裂感。 小程序有哪些玩法 1. 小程序+公众号 随着公众号体系和小程序体系互通，更多场景可以直接触达小程序。如“豆芽作文公众号”关联了“豆芽作文小程序”，并在公众号内部的主入口强推，为其引流。 2. 小程序+小程序 小程序轻量化的产品形态体现在灵活、快捷的使用中，因此当有功能桥接时，可选择关联其他小程序。 例如“豆芽作文”的“爱学习”模块就关联了其他3个功能入口，为同类产品提供不同服务的小程序给予跳转支持。 微信小程序团队有这样的设计理念： 每个小程序最好只专注一个服务场景。 因为这样才能“用完即走”。才能让用户 在小程序的体验过程中，不会觉得层级过深、流程过长，避免出现小程序和微信聊天交替使用， 因为小程序的复杂而带来糟糕体验。但是很多公司又有多个业务场景，如果按做APP的思路做小程序，自然是会做出一个多层级/多功能的小程序。 于是，微信小程序团队期望的结果是： 多个业务场景多个小程序来实现，允许小程序间跳转 ，来实现“公司层多业务，产品层多小程序”的愿景。 3. 小程序+二维码 (线上+线下) 线上线下的结合更常见，比如进入餐厅点餐时，扫描二维码进入小程序，直接点餐，不用排队，也不用下载APP或关注公众号，对用户来说极为便利。同时可以利用登录授权，获取用户的信息 小程序基础知识汇总 1.场景入口 微信官方为小程序提供了69个场景入口，便于小程序在更多的场景下被用户触达，作为产品经理也要充分利用各种场景，增加小程序被触达的机会，同时可以结合这些场景，增加小程序运营的曝光率。 依托于微信场景的小程序增长六大入口： 聊天窗口分享、APP分享、“搜一搜”、“扫一扫”、首页下拉窗口、公众号。 2.有哪些开放接口？ 除了扩大小程序的线上入口，小程序还提供了很多开放接口，帮助开发者更快速地实现一些功能。 3.模板消息 小程序的模版消息相当于APP中的消息推送。微信公众平台为小程序的“消息推送”设了很多规则： （1） 需要用户行为来触发 ，不管用户在何种场景下触发，单次触发最多可带来一条消息，且最多可以连续七天发送； （2）所有的消息都要在微信公众平台提供的消息模版中选择，不能自定义模板。当然这也很 符合微信一贯的特性，不能“流氓式”的打扰用户。 4.小程序数据助手 数据分析对于产品的运营至关重要，小程序主不仅可以在微信公众平台的后台看到小程序的数据，也可以在微信搜索“小程序助手”，在手机端随时查看小程序的数据变化。 5.小程序不可随意跳出 小程序依附于微信生态，不可以像传统APP一样实现随意跳转。 如果希望小程序跳转小程序，那么可以在代码配置中进行声明，跳转的小程序数量是有限的，目前是10个。 还有一种解决小程序外跳和在小程序扫码的操作是通过客服消息，小程序主可以通过给小程序添加客服消息，让用户回复指定内容，可以给用户发送文章链接，实现跳转和扫码。 6.小程序有特定的开发框架 各大平台都有自己的小程序开发框架，技术可以学习这种新的框架，一般上手也较快；当然也有别的解决方案，技术可以使用一些转码框架，例如京东的taro和去哪儿的nanachi。 7.适配问题 小程序毕竟是一个新技术，因此适配也有一定的局限性。官方有提供标准的顶部导航和底部导航的方案，使用起来一般没什么问题，但如果希望根据自己的产品特性对顶部导航和底部导航进行一些个性化调整，就要小心适配问题了。 有些产品的做法就比较取巧，这里举个“知乎热榜”的例子：本身小程序顶部栏是 不可以做个性化设计 的，但“知乎热榜”为了给内容区更多曝光的空间（毕竟移动端寸土寸金嘛），将顶部栏的icon按钮做成了搜索框的样式，点击进入到搜索页面，这样做既避开了小程序的局限性，也不影响正常的搜索流程（本身搜索也需要跳到新页面），同时也符合用户的使用认知。 设计规则 微信小程序的设计指南提供了很多页面的设计规则，可以帮助产品经理和交互设计师更好的设计页面。在设计小程序时建议认真看一看， 文档中的内容不仅仅适用于设计小程序，对于APP的页面设计也可复用。 除了对产品的设计要求，为了让小程序和微信的视觉统一，小程序制定了UI设计规范，在设计UI时需要严格遵守规则，否则无法上线。 虽然小程序为了让服务完善，正在逐步开放更多功能，但是现在小程序代码包要限制在2M以内，所以在设计小程序时，功能一定要尽量简单。 小程序如何影响我们的生活 1.对普通用户 （1）首先是卸载低频APP 对于像旅游、租房等低频使用的APP（所以这类APP为什么要做社区和社交），普通用户可能更倾向于卸掉本地APP而选择小程序来使用，这能够节省一部分手机空间，同时也不用考虑更新迭代。最重要的是 可以获得更“短、平、快”的服务路径 ，减少不必要的时间消耗，扩大自己的有效时间。小程序希望为普通用户提供这样的服务路径： 用户到达服务目的的环节越少越好，缩短用户使用路径，通过这样的方式让越来越多用户更好地留在小程序或是微信构造的生态链里。 （2）微信变成巨无霸应用，用户停留时间更长：通讯（IM）+社交+工具和服务 用户把省下来的一部分空间，留给微信使用。原本已经很长的使用时间因为所提供的工具和服务的多元化而变得更长。小程序涵盖的服务类别非常多，可见微信在起初设计的时候就想建立更大的生态圈。 2.对行业应用和服务提供者 （1）体验不佳的服务号会快速转移阵地 （2）给本地生活和电商的应用带来便利 先是给本地生活和电商的应用带来很大的便利，尤其是有战略合作关系的应用服务商，这些APP的核心功能会得到进一步的强化（建立壁垒），对用户的触及面会很广，使用频率会提高，他们肯定会成为享有小程序的第一批红利者。 （3）商家入驻 随着商家开发小程序，微信会逐步变成商家入驻平台，这会给本地生活/电商等应用带来巨大的冲击，到那个时候我们更习惯于在微信里完成闭环的任务，基本上不会再想起来用别的APP。不过， 这一点还是需要时间来验证的，毕竟APP是互联网生态圈中最重要的一环。 可以说，微信小程序的出现，会推动进入“后APP时代”的节奏。 小程序的未来 个人拙见： 首先，小程序的未来是代表微信线下入口，最担心的不是小程序，而是微信越来越强大。微信已经霸占了整个线上市场，但线下市场，微信一直没有太多的涉及。阿里为了搞社交，出了阿里旺旺、来往、支付宝等等，支付宝也上线很多社交功能及游戏，可成效并不理想。整个社交空间被微信、QQ占据绝大部分。 我们很多人应该不希望微信做成一家独大， 正如淘宝的一家独大导致整个实体市场的萎靡，以及1号店、国美等发展艰难。如果微信想要与支付宝竞争，竞争的重点不会放在支付这块，更多的是“服务”和场景的搭建。至于支付宝也要上线小程序，实属正常防卫策略。阿里的天猫上线比较晚，是来自于对京东的防御。 其次， 小程序的重点是提供更便捷和更优质的服务，而不是内容。 小程序应该不会像公众号那样引爆一波自媒体，应该是引爆一波优秀的服务提供商。"}
{"title": "小程序、支付、企业微信协同带来to B收入增长 ", "author": "Rolan", "time": "2019-5-16 00:02", "content": "腾讯科技讯 腾讯今天公布了2019年第一季度业绩。财报显示，2019年Q1，腾讯总收入为854.65亿元，同比增长16%；非通用会计准则下，净利润为209.30亿元，同比增长14%。腾讯Q1净利润高于16家投行分析师预估的203.88亿元中位数，超过市场预期。 以下为财报中披露与 小程序 相关的重点信息： 小程序、支付、企业微信协同带来to B收入增长 自本季起，我们开始在财报中单独披露「金融科技及企业服务」这一新部分情况。该服务在本季产生人民币218亿元的收入，其规模及范围反映了该服务与我们部分现有消费者服务产生协同效益（例如我们的通信及社交平台与点对点支付服务之间的协同效益，或我们的小程序与企业微信服务之间的协同效益）。 小程序广告能力增强，帮助开发者变现 财报期内，社交及其他广告收入增长34%至人民币98.98亿元，主要是由于微信朋友圈、小程序及QQ看点的广告收入增长。 小程序的banner广告、激励式插屏广告帮助开发者实现更多收入变现。 小程序社交拼团玩法促进用户稳健增长 微信用户能够在群内分享资讯、产品及服务等各种垂直领域的小程序，促进社区拼团等服务模式的扩展，使微信非游戏类小程序的活跃用户群持续稳健增长。 财报中微信的完整信息，可查看下方长图获取："}
{"title": "微信封杀诱利分享救不了朋友圈丨钛度热评 ", "author": "Rolan", "time": "2019-5-17 00:01", "content": "继微商、短视频、小游戏、诱导外链之后，微信再一次对朋友圈的诱利分享行为重拳出击，重点打击的对象就是以返学费、送实物等方式，利诱微信用户分享其链接（包括二维码图片等）到朋友圈打卡的行为。 诱利分享已成为主要运营方式的教育行业一片爱好，更有分析者认为裂变增长的时代恐将终结，因为微信将进一步把朋友圈、公众号的流量分发能力控制在自己手中，而不是被钻空子的运营者免费利用。 一周之前，有媒体报道微信朋友圈第三条广告，已经结束在一线城市的内测，目前全量开放。当游戏引擎增长受阻的时候，腾讯对于广告业务寄予更高期望，微信朋友圈的“商业化”也将承受重压。 从腾讯刚刚公布的2019年一季度财报来看，虽然在总体营收中的比重不断上升，但腾讯社交广告的同比增速却在不断下滑，所以只在广告形式、广告创意上下功夫是不够的，进一步提高朋友圈广告填充率势在必行。 这就需要微信进一步“净化”朋友圈已经垃圾满地的环境，夺回对这一“社交管道”的控制权。钛媒体曾经在《 “分享禁令”能让微信摆脱“管道化”宿命吗？ 》（下载钛媒体App，查看原文）中指出：微信的崛起曾经使运营商沦为“管道”，而一旦微信成为新的基础设施，则面临自身被“管道化”的命运。 然而，微信虽然能够一举封杀利诱分享，却无法解决朋友圈的“内容危机”，无法解决发朋友圈“私域”or“公域”之间的冲突，无法解决在朋友圈“立人设”的冲动。步步紧逼的“分享禁令”只会让用户处处受限，而无法鼓励用户生产微信愿意看到的内容。 朋友圈打卡之所以泛滥到需要微信出手整治的程度，无非是运营者对于用户心理的精准拿捏。什么心理？通过朋友圈来竖立“积极上进”的人设，解决日常生活乏善可陈“无可发圈”的尴尬，通过自打鸡血在朋友圈中刷存在感。 打卡内容的泛滥暴露了朋友圈的“内容危机”，在社交语境崩塌的环境中，在三天可见/一月可见/半年可见都无法缓解的心理负担之下，朋友圈早就无法像张小龙“自欺欺人”的那样承载真实生活了，视频动态的“补丁”也无济于事。 但用户依然有“树立人设”的需求。于是，打卡这种“人设仪式”就趁虚而入了。打卡者满足了自我感动与自我激励，获得了课程费用的减免乃至实物奖品，被打卡刷屏的人却被垃圾信息浪费了时间。 这就涉及到朋友圈到底是“公域”还是“私域”的问题，在微信“流量池”运营者眼中，与微信群、公众号等“私域流量”相比，朋友圈自然算是“公域流量”。 但对于用户来说，朋友圈一直以来都有着“私域”与“公域”的双重属性。热衷打卡的用户更多是在把朋友圈当作自我激励的“私域”在使用（当作自己一步一步自我成长的记录），并不考虑其他人的感受（或者一厢情愿以为于人有益），毕竟一天一次打卡算不上是“刷屏”之举。 然而，当越来越多的人都加入“打卡大军”时，“公域”就成了一片片对别人无意义的“私域内容”的集合，“公域”本身也将有瓦解的风险。 无论是微商将朋友圈视为“社交卖场”，还是职场人将朋友圈视为“广告栏”，学习者将朋友圈视为“励志墙”，都是在瓦解朋友圈作为分享真实生活的“社交广场”的意义。 对于朋友圈的滥用也会让“沉默的螺旋”效应愈演愈烈，不够“厚脸皮”的“社交分享洁癖”患者只会愈加沉默，加速逃离。 除了对诱导分享重拳出击这样的明确表态，微信似乎还在通过“朋友圈限流”的方式来调节“私域”与“公域”之间的矛盾，虽然微信官方从未公开承认，还进行过官方辟谣。 然而无论是微商、代购还是普通用户，很多人都明确“感知”到了微信的限流，以至于代购们要求顾客将其标为星标好友来应对。正如朋友圈刷屏的“爆款文”可能会触及的“防刷屏机制”，朋友圈的“降权规则”也是一个不透明的“黑箱”。 参照微博的信息流推荐算法，互动频次将直接决定在信息流中的权重，可以推测朋友圈确有可能对于长期未有互动的好友动态作降权乃至限流处理。对于习惯分享刷屏的用户，就是更加难以逃脱朋友圈的限流处理了。 然而，无论是“朋友圈限流”，还是对诱导分享的“封杀”都无法从根本上解决朋友圈的“内容危机”，用户依然不会分享日常生活。 无论是两年前全民风靡的短视频风潮，还是正在成为风口的vlog（查看钛媒体此前文章→《 我在Vlog里偷窥你 》），微信都只能眼睁睁地看着其他平台的崛起，而无法摆脱管道化的宿命。 腾讯应该认真考虑如何跳脱出微信这“一亩三分地”，通过将微信社交关系链分化、分层来孵化新的内容平台，只有跳脱出因为承载了太多关系而“语境崩塌“的朋友圈，只有创造出新的无压力分享环境，才能真的激发出用户分享生活的热情。 只对朋友圈进行“视频动态”、“一月可见”这样的小修小补，只对用户的分享行为进行引导限制终究不是长远之计。"}
{"title": "争夺小程序赛道：今日头条与BAT再次开战 ", "author": "Rolan", "time": "2019-5-17 00:11", "content": "微信、支付宝、百度、字节跳动各自都在围绕着自己的产品体系，加深对 小程序 的探索，以期扩大市场占领程度。 进入移动互联时代后，大量的互联网产品催生了更多的APP,虽然成功的提高了用户留存，但也带来了很多问题。APP的下载安装，费时间又消耗内存。不同的APP，信息不能互通，需要获得更多类型的信息需要在多个APP之间互相跳转。App之间跳转的用户体验很差，路径过长，彼此不适配，都是痛点。 某种意义上讲，移动互联网正在岛屿化。而小程序，可以看做将岛屿之间联合起来的一种尝试。对使用者来说，小程序不用下载，多个小程序可集合在一个APP中，可以解决APP使用的痛点。而对于平台方来说，意义则更为重大，因为可以将其他岛屿纳入自己的版图之内，一方面岛屿面积得到扩张，一方面在自己的地盘上自己拥有规则的制定权，可以影响登岛的各个小岛主。 当然，看到其中价值的显然不止一家，从2017年开始，微信、百度、支付宝、字节跳动都开始布局自己的小程序平台。经过一年的市场检验，他们对小程序的态度，似乎又发生了明显的改变。 微信：加速商业化成果收割 2017 年 1 月 9 日，微信小程序正式上线。在 2018 年 8 月，马化腾就透露已有 150 万开发者加入了小程序的开发队伍，小程序应用数量超过 100 万，覆盖 200 多个细分行业，日活用户达到 2 亿。而在 2018 的全年财报也表明，微信小程序日活跃账户数增长迅速，用户人均日访问量同比增长 54%，而中长尾小程序也占到了小程序日均总访问量的 43%。 腾讯云在微信公开课上宣布推出的「小程序 · 云开发」资源扶持计划价值 10 亿。该计划分为长期普惠、进阶扶持和高阶扶持三种机制，提供的基础版套餐、专业版资源、旗舰版资源都是扶持奖励。 今年4月的更新中，微信对小程序的政策进行了多项较大幅度的调整。首先是将“激励式视频广告组件” 和“插屏广告组件”正式全量开放，已经向非游戏类小程序流量主开放。其次，是取消“小程序最多关联500个公众号”等限制，加强公众号与小程序连接能力。同时，微信还将开放全量搜索，用户通过搜索一个商品可以直接进入小程序，完成交易或服务。 在更早之前，微信还更新了小程序的搜索方式、上线小程序桌面、通过附近的小程序连接本地生活等等。微信小程序正在思考如何放大流量价值，为开发者、企业提供更多样化的变现选择。 在今年年初的微信公开课上，微信开放平台基础部助理总经理杜嘉辉就曾表示，小程序在2019年将迎来更多的广告变现形式，包括上述所说的激励视频、插屏广告等等。除此之外，微信还会将小程序开发者的广告分成比例进行上调。2019年，商业变现将成为微信小程序的关注重点。据阿拉丁小程序观察报告预测，微信小程序广告市场将在4年内突破1500亿。 在微信平台的小程序刚刚上线时，主要的开发和使用方式几乎全是小游戏。而现在，经过两年的发展，行业分布在持续向均衡化发展，网络购物、生活服务、视频、内容资讯等行上升趋势较快，尤其是电商，网络购物类小程序已经连续两月超过小游戏数量，且从目前曝出的销量较好的电商小程序来看，年GMV都轻松超过了千万。由此可以得出结论，随着发展逐步成熟，各领域小程序的的占比会逐渐平衡，而其中主流形式将会是电商。 百度：在加速浪潮中稳住步伐 2018 年 7 月 4 日，百度智能小程序正式上线，主要运行在百度 app 上。到当年12 月时，百度 app 已为小程序开放了 40 多个流量入口，并为小程序开发者提供了超过 60 个 AI 接口和超过 20 个 NA 化组件。 2018 年的百度世界大会上，百度宣布了智能小程序「开发者共筑计划」——「千百十一」，分别对应着百度将为智能小程序开放全域千亿用户流量、提供百亿的广告分成、成立一个提供投资与推广的创新基金以及像公开课一样的一对一专人服务。 今年5月11日，在2019年百度联盟生态合作伙伴大会的智能小程序分论坛上，一年前联盟峰会上亮相的百度智能小程序公布最新进展：自去年7月正式上线至今的300多天里，百度智能小程序月活已经超过2亿，入驻开发者超过8万家，开源联盟成员已达到24个，9家已跑通。 相比其他小程序供应方，百度小程序额最大特点在于开源。这与小程序间高链接性，小程序自身轻量化的特点是相匹配的，其最大优势在于信息流的集成。如今，各个小程序玩家也纷纷开始将小程序上连到自家的搜索引擎中，一方面肯定了在数据流的高集成度优势对于小程序来说是意义重大的，一方面说明各家都已经开始在这方面奋起直追，百度要保持住自己的优势必须更加努力。 字节跳动：专注电商小程序 今年4月，字节系的抖音在其更新后的安卓系统版本的个人页面中也增加了“小程序”入口，其中除了已经曝光过的游戏类小程序，还新增了电商小程序。 据悉，抖音于去年3月初次试水电商，选择了为淘宝导流的合作方式。2018年5月，抖音上线红人自有店铺入口，开始建立抖音自己的电商店铺。同年12月，抖音公布了10家购物车运营服务商。如今，即将推出的电商小程序则会更好地串链起从浏览内容、到交易转化、再到最终交易完成一整套环节。 同时，抖音也在对站内功能进行优化。比如在搜索栏增加“商品”类目，通过小程序接入而进入商品库的全部商品，将被同步至站内搜索引擎，用户通过搜索关键词即可获取商品的信息链接。这是自电商小程序正式上线后，抖音对电商小程序的一次重要赋能。 据了解，抖音已经与小米有品、网易考拉、京东、苏宁等电商平台达成第三方小程序接入意向，其中小米有品、京东好物街等电商小程序已经在今年4月上线。 支付宝：金融领域的全新拓展 2018 年 9 月 12 日，支付宝小程序正式上线，主要活跃在商业和生活生活领域。截至 2019 年 1 月，支付宝小程序的数量已增至 13 万，日活跃用户数突破 2.3 亿，平均 7 日留存率为 43.26%。 今年3 月 21 日，在 2019 阿里云峰会 · 北京上，阿里巴巴旗下的阿里云、支付宝、淘宝、钉钉、高德等联合发布「阿里巴巴小程序繁星计划」：提供 20 亿元补贴，扶持 200W+ 小程序开发者、100W+ 商家。凡入选「超星」的小程序，入驻支付宝、淘宝、钉钉、高德后还能得到流量重点支持。 截至4月8日，支付宝小程序收藏用户数突破1亿。支付宝的实名认证并与「钱」挂钩的性质让用户和商家都更具信任感；而有独特优势的信用体系则让支付宝在与押金、租赁相关的场景大放异彩，比如共享单车、共享充电宝等支付宝小程序为用户提供了免押金、先享后付等便捷服务。小程序之于支付宝，意义似乎只是在金融支付领域的一次整合深耕。 总结：百花齐放共争鸣 从PC互联网时代进入到移动互联网时代后，如BAT等玩家也开启了跨界扩展的模式，更是有如字节跳动、美团、滴滴等后起之秀同台共舞。当互联网由PC时代的开放走向APP时代的封闭后，超级APP也在思索着如何寻求开放与共享，于是小程序成为了最佳的实践路径。 于是，才有了微信、支付宝、百度、字节跳动等公司开始围绕自己的产品体系对小程序进行了不同角度的解读和重新定义，以求获得更重要的市场地位。 由于游戏方面的营收增长受阻，即使一向高冷的微信也不得不为站出来为腾讯分担压力，加大商业化程度。而要在短时间内获得可观的商业化效果，直接手段无非是电商和广告，与之关系最紧密的朋友圈和小程序就成了排头兵。只要微信愿意放下姿态，肯定不会缺合作机会，态度更为开放的微信小程序应该会在2019年开启开挂模式。 百度在to B方面的资源与微信不遑多让，而且一直坚持开源的做法，可以说是目前小程序玩家中态度最为开放的一位，也是步伐最为稳扎稳打的。但随着其他玩家纷纷打通搜索栏，为小程序平台提供多方面、大量级的资源，百度最大的优势点正在被追赶。如何保持住自己的优势，是关乎百度小程序能否稳住自己节奏的一大命题。 字节系的小程序，算是狭义的小程序，更像是程序型特定化的商城。对点击率、转化率、留存率、复购率等数据进入深入挖掘，可以帮助平台了解用户偏好、付费能力，以及对不同的商品类别进行比较分析，从而及时调整平台的运营策略，细分潜在目标用户、激活消费，实现精细化运营。而前文提到过，电商将会是未来小程序最主流的形态，从这个角度看，在电商小程序这方面投入最多的字节系或许会是小程序的最大受益者。 相对与字节系，支付宝似乎是走向了另一个方向——即金融支付系的小程序平台。随着微信转变态度，百度稳步扩张，支付宝小程序或许也会字节系一样继续窄化，成为金融类小程序集大成的平台，以避免在自己不擅长的领域发生竞争。 总结起来，各家的小程序既有同质化也有差异化。同质化在于都不约而同的打通了小程序内容与搜索栏，都打算在2019年将其正式送上商业化的赛道。差异化在于小程序放到不同的玩家手里，根据理念不同， 用处不同，经过各自的摸索，也进化出了不同的形态。正是由于这些同质化与差异化特点，估计2019年内各家小程序都将得到机会一展身手大放光彩，而彼此间也不会发生太大的竞争，2019年，或许正是属于小程序的风口。 作者：沙师兄，经济管理硕士，某互联网公司COO，四年半管理经验，运营过百万、千万、亿级用户产品，一个独立思考的知识工作者。微信公众号：ITshayan。 本文由 @ 沙水 原创发布于人人都是产品经理。未经许可，禁止转载 题图来自Unsplash，基于CC0协议"}
{"title": "微信小程序之canvas画图 ", "author": "Rolan", "time": "2019-5-17 00:34", "content": "前几天接到个需求，长按图片保存到相册，该图片上有用户头像和昵称以及对应的二维码；那这就不能直接当作图片来操作了，要先把整体图片画出来；我当时用的是canvas。效果图如下： canvas drawImage 用canvas画图主要使用dramImage API，不太清楚的同学可以区MDN看看：  developer.mozilla.org/zh-CN/docs/… 主要是用到图片URL，相对于左上角的x，y坐标以及image在canvas上绘制的宽高。 开始画图 那我们开始行动了，先在html上写个canvas标签： < canvas \r\n     canvas-id = \"shareCanvas\" \r\n     class = \"canvas\" \r\n     bindlongpress = \"saveImg\" \r\n     catchtouchmove = \"true\" \r\n     style = \"height:  {{canvasHeight + 'rpx'} };width:  {{canvasWidth + 'rpx'} };\" > \r\n </ canvas > \r\n复制代码 在微信 小程序 上画图先要把图片路径保存到本地，这里我们可以使用wx.getImageInfo或者wx.downloadFile将图片转为本地。考虑到我们要操作多个图片，这里对这些API进行封装： getImageInfo(src) {\r\n     return   new  Promise( (resolve, reject)  =>  {\r\n        wx.getImageInfo({\r\n            src,\r\n            success:  (res)  =>  resolve(res),\r\n            fail:  (res)  =>  reject(res)\r\n        })\r\n    });\r\n}\r\n复制代码 如果你要使用downloadFile也可以，封装方法和上面一样。 封装好了那么我们可以开始画图了，这里需要三张图片，对应的代码如下： Promise\r\n    .all([\r\n         this .getImageInfo( 'https://cyt-resource.oss-cn-shanghai.aliyuncs.com/wximg/qrcode_bg.jpg' ),\r\n         this .getImageInfo( this . data .userInfo.avatarUrl),\r\n         this .getImageInfo( this . data .qrCodeUrl)\r\n    ])\r\n    .then((res) => {\r\n        const ctx = wx.createCanvasContext( 'shareCanvas' );\r\n        ctx.drawImage(res[ 0 ].path,  0 ,  0 , 图片宽度, 图片高度);\r\n\r\n        ctx.fillStyle =  'rgb(168, 88, 126)' ;  // 字体颜色 \r\n        ctx.setFontSize( 12 );  // 字体大小 \r\n        ctx.fillText( this . data .userInfo.nickname, 相对于左上角的x坐标, 相对于左上角的y坐标);\r\n\r\n        ctx.drawImage(res[ 1 ].path, x坐标, y坐标, 宽, 高);\r\n        ctx.drawImage(res[ 2 ].path, x, y, width, height);\r\n\r\n        ctx.draw();\r\n\r\n         this .setData({\r\n            isDrawnImg:  true \r\n        });\r\n    })\r\n    . catch ((e) => {\r\n    });\r\n复制代码 在这里要说个需要注意的坑， 将图片保存到本地需要在小程序后台的downloadFile域名配置里配置好对应的域名，一个都不能落， 比如微信头像需要在downloadFile合法域名配置里加入https://wx.qlogo.cn； 另外需要提醒大家，在微信开发者工具里调试的话尽量不要开不校验合法域名那个选项，即 不然就会出现在调试模式下都是好的，但是真机不开调试就没有效果了。而且不好排查错误。 优化 由于canvas画图需要时间，那我们可以在等待时加个loading效果，在生成或者失败时隐藏loading，失败时还需要提示 wx .showLoading ({\r\n     title :  '图片生成中...' \r\n});\r\n wx .hideLoading ();\r\n wx .showToast ({\r\n     title :  '图片生成失败' \r\n});\r\n复制代码 保存图片到相册 这里使用canvasToTempFilePath API，代码如下： saveImg () {\r\n    wx.canvasToTempFilePath({\r\n        canvasId:  'shareCanvas' ,\r\n        success:  (res)  =>  {\r\n            wx.saveImageToPhotosAlbum({\r\n                filePath: res.tempFilePath,\r\n                success:  (res)  =>  {\r\n                    wx.showToast({\r\n                        title:  '保存成功' \r\n                    });\r\n                },\r\n                fail:  (res)  =>  {\r\n                     this .authorizeToWritePhotosAlbum();\r\n                }\r\n            })\r\n        }\r\n    })\r\n},\r\n复制代码 这里有个失败时候的操作，主要是因为取消授权后就不能使用了，这里要给个提示，让用户可以再次选择授权进行图片保存，方法如下： //  授权保存图片至相册\r\nauthorizeToWritePhotosAlbum () {\r\n    wx.showModal({\r\n        title:  '提示' ,\r\n        content:  '需要您授权保存相册' ,\r\n        showCancel:  false ,\r\n        success:  (res)  =>  {\r\n          wx.openSetting({\r\n            success:  (res)  =>  {\r\n               if  (settingdata.authSetting[ 'scope.writePhotosAlbum' ]) {\r\n                wx.showModal({\r\n                  title:  '提示' ,\r\n                  content:  '获取权限成功，再次点击图片即可保存' ,\r\n                  showCancel:  false ,\r\n                });\r\n              }  else  {\r\n                wx.showModal({\r\n                  title:  '提示' ,\r\n                  content:  '获取权限失败，将无法保存到相册哦~' ,\r\n                  showCancel:  false ,\r\n                });\r\n              }\r\n            }\r\n          })\r\n        }\r\n    });\r\n},\r\n复制代码 至此，画图以及保存到相册的问题都有解决了。那么如果我们需要适配呢，图片需要自适应。在微信小程序我们可以使用rpx进行自适应：可以看看文档  developers.weixin.qq.com/miniprogram… 自适应 因为drawImage里面的单位都是px，且不能更改，那我们应该怎么进行自适应。可以根据设置的  设备屏幕/750*自己设置的自适应宽度（单位为rpx）  ，比如设置宽度为600rpx，那么在drawImage里就是设备屏幕/750*600；要获取屏幕高度直接调用wx.getSystemInfo就行了，取返回结果的screenWidth；文字大小，小图片的x，y坐标都可以通过这个方法进行自适应。 结题 我当时主要是域名配置忘了，坑了自己，然后就是授权问题（关闭后无法保存，自己懵了，没考虑到）；希望大家都能注意下，写的不好的地方希望大家提出来，一大早写的比较匆忙，:smile:"}
{"title": "小程序封装wx.request请求并创建接口管理文件 ", "author": "Rolan", "time": "2019-4-29 00:11", "content": "开发 小程序 ，封装有一个简单易用  wx.request  请求还是很必要的，可以省去大量的维护成本！闲话不多说，直接撸代码。 流程 创建  http.js  文件，封装  wx.request 创建  api.js  文件，统一管理所有接口 在  index.js  中调用接口 创建  http.js  文件，封装  wx.request 在  utils  中创建  http.js  文件，封装  http  ，代码如下： module.exports = {\r\n  http(url, method,  params ) {\r\n     let  token =  'token'   // 获取token，自行获取token和签名，token和签名表示每个接口都要发送的数据 \r\n     let  sign =  'sign'   // 获取签名 \r\n     let  data = {\r\n       token,\r\n       sign\r\n    }\r\n     if ( params .data){  // 在这里判断一下data是否存在，params表示前端需要传递的数据，params是一个对象，有三组键值对，data：表示请求要发送的数据，success：成功的回调，fail：失败的回调，这三个字段可缺可无，其余字段会忽略 \r\n       for  ( let  key  in   params .data) {  // 在这里判断传过来的参数值为null，就删除这个属性 \r\n         if  ( params .data[key] ==  null  ||  params .data[key] ==  'null' ) {\r\n          delete  params .data[key]\r\n        }\r\n      }\r\n      data = {...data,... params .data}\r\n    }\r\n    wx.request({\r\n      url: 'https://www.apiopen.top' +url,  // 就是拼接上前缀,此接口域名是开放接口，可访问 \r\n      method:method== 'post' ? 'post' : 'get' ,  // 判断请求类型，除了值等于'post'外，其余值均视作get \r\n      data,\r\n      header: {\r\n         'content-type' :  'application/json' \r\n      },\r\n      success(res) {\r\n         params .success&¶ms.success(res.data)\r\n      },\r\n      fail(err) {\r\n         params .fail&¶ms.fail(err)\r\n      }\r\n    })\r\n  }\r\n}\r\n复制代码 代码很简单，需要说的是在逻辑代码中只需要传递  params  ，而  url  和  method  在接口文件中传递，方便统一管理 创建  api.js  文件，统一管理所有接口 在  utils  下创建  api.js  文件，作为接口管理文件，代码如下： // 在这里面定义所有接口，一个文件管理所有接口，易于维护 \r\n import  {http}  from   './http' ;  // 引入刚刚封装好的http模块，import属于ES6的语法，微信开发者工具必须打开ES6转ES5选项 \r\n\r\n function   femaleNameApi ( params ) {  // 请求随机古诗词接口 \r\n  http( '/femaleNameApi' , 'get' ,params)   // 接口请求的路由地址以及请求方法在此处传递 \r\n}\r\n\r\n // 每一个接口定义一个函数，然后暴露出去，供逻辑代码调用 \r\n\r\n function   novelApi ( params ) {  // 小说推荐接口 \r\n  http( '/novelApi' , 'get' ,params) \r\n}\r\n\r\n export   default  {  // 暴露接口 \r\n  femaleNameApi,\r\n  novelApi\r\n}\r\n复制代码 用  api.js  文件统一管理的好处就是，当接口更新后修改很方便，不需要看逻辑代码，也不用关心有几处调用了此接口，直接在  app.js  中修改响应就行了，接口统一管理是非常有必要的 在  index.js  中调用接口 调用方式，代码如下 import  http  from   '../utils/api'   // 引入api接口管理文件 \r\nPage({\r\n   data : {\r\n     femaleList :[]\r\n  },\r\n   onLoad :  function  ( )  {\r\n    http.femaleNameApi({  // 调用接口，传入参数 \r\n      data:{\r\n         page : 1 \r\n      },\r\n       success : res => {\r\n         console .log( '接口请求成功' ,res)\r\n         this .setData({\r\n           femaleList :res.data\r\n        })\r\n      },\r\n       fail : err => {\r\n         console .log(err)\r\n      }\r\n    })\r\n  }\r\n})\r\n\r\n复制代码 参数传入说明: 为了和微信的API接口调用方式看起来一致，故采用了微信API的这种调用方式 传递一个对象，对象有三组键值对，data：表示要发送的数据，success：成功回调，fail：失败回调 三个键值对均可传可不传，其余值会忽略，基本和微信API调用方式一致，减少了强迫症的烦恼 第一次在掘金上发文章，还请诸位前辈多多指教！ 小程序代码片段放在  github  上了，欢迎  issue"}
{"title": "2019，距离小程序爆发还有多久？ ", "author": "Rolan", "time": "2019-4-30 00:02", "content": "4月27—28日，由阿拉丁统计平台和阿拉丁指数联合主办的第三届AMIC阿拉丁 小程序 创新大会在上海龙之梦大酒店召开。峰会围绕“小程序 大爆发”主题展开，亿欧作为受邀媒体参加。 从小程序诞生元年至今，阿拉丁每年根据小程序发展阶段及当年表现，为行业提供具备价值的行业观察与创业意见。今年，阿拉丁邀请小程序赛道各个维度大咖，在小程序出现后的第三年，剖析行业发展趋势与机遇挑战。 此次峰会汇集国内小程序领域知名创业者、服务商、投资人以及基础设施提供商，阿拉丁统计平台创始人兼CEO史文禄、同程艺龙小程序总负责人姜华、小年糕合伙人周赫、金沙江创投主管合伙人朱啸虎、微盟集团董事会主席兼CEO孙涛勇、腾讯云开发资深产品王斌、百度智能小程序商务负责人徐亚楠等对当前行业热门话题展开讨论，多维透视小程序创业逻辑。 朱啸虎：一年后，再谈小程序投资机会 金沙江创投主管合伙人朱啸虎表示：未来互联网公司都会成为小程序公司，小程序将成为标配，此中机会不可谓不大。 但目前行业仍处于早期，小程序在兑现自身价值方面，仍面临重重困境：同质化、留存低、变现难。对于小程序的创业者而言，在困境中快速找到商业化之路才是生存根本。 朱啸虎认为小程序目前面临的困境，会随着小程序的不断迭代逐渐改善。小程序总体体量也将快速上涨，并提出了3大预测： 其一，2019年小程序电商GMV将破万亿； 其二，小游戏市场规模将突破200亿，超越页游成为第三大游戏类型； 其三，4年后，微信小程序广告市场规模将突破1500亿。 史文禄：小程序，从基础元年走向大爆发 阿拉丁统计平台创始人兼CEO史文禄，针对市场上普遍关心的小程序留存问题表示，大家的担忧是多余的，留存问题分为“术与道”，微信开放入口只是“术”，真正的“道”是用户习惯和认知建立，而道的问题时间会解决的。 微信正在不断开放小程序的新能力，今年，微信开放全量搜索，小程序助用户直达商品和服务；“激励式视频广告”全量开放，创业者变现能力得以迅速提升。 此外，随着微信、支付宝、百度、头条、抖音以及快应用等互联网巨头纷纷涌入、推广，小程序已经成为新的技术标准，未来势必有更大的发展空间。 “创业者要对小程序有足够的信心与耐心。” 孙涛勇：小程序商业价值思考 微盟集团董事会主席兼CEO孙涛勇表示，如果把小程序分为三个阶段：起步，蓄势，爆发。那么，目前小程序正处于蓄势阶段。爆发阶段的标志是一家企业通过小程序、微信带来的订单占全渠道营收的30%以上。从蓄势到爆发大概还需要两年时间。 今天，很多巨头都在做小程序。那么，哪家巨头的小程序生态更值得创业者投入呢？其一，需具备流量分发能力；其二，需拥有线下连接能力；其三，能够打造交易闭环；其四，拥有百万级规模以上的开发者生态。 在四项能力中达到三项或以上，其小程序生态是非常值得投入的；如果没有达到三项，则仍需观察。 王斌：腾讯云如何让小程序变得更智能、更简单？ 腾讯云开发资深产品王斌向与会嘉宾传达了腾讯云开发产品的思考，在小程序生态建设以及帮助开发者、扶持开发者在生态建设整个环节上所做的努力： 其一，微信小程序解决了传统应用的使用成本问题，并基于H5标准，做到了用户端一致的用户体验解决方案。 其二，微信开发者生态蓬勃发展，小程序作为新标准，微信提供据此提供全新的ID工具、UI框架，以及更多开放能力和接口。截止去年7月，微信开发者数量、小程序开发者数量达到150万，第三方平台达到5000多家。 其三，微信小程序深入到生活场景中，成为各行各业解决方案以及场景的连接器。 其四，健全自身能力，更高效助力开发者，进一步降低微信小程序开发成本。 其五，腾讯云正在与开发者形成更深入的合作，如助力猫眼用云开发后，七夕活动快速上线。 其六，腾讯云愿意提供十亿扶持的计划资源扶持各种类型的开发者，一起共建小程序的开发者生态建设。 徐亚楠：从“流”量运营到“留”量运营 百度智能小程序商务负责人徐亚楠表示，百度流量虽大，但过去主要围绕H5生态进行运维，无法追踪用户轨迹，运营水平较浅。现在，百度基于小程序将浅层的流量进行深度运营，从而把流量变成了留下来的用户。 百度智能小程序是如何满足用户的需求留下用户呢？分为三个层次： 其一，点。通过百度APP里的核心功能、百度搜索、信息流的分发能够触达百度智能小程序，并打造小程序的闭环体验以及小程序的类原生体验； 其二，线。通过百度引导、二楼下拉、个人中心等功能将流量变成用户留在小程序平台上； 其三，面。百度推出的开源联盟，实现内容、图片、视频的资源方，以及基于工具、LBS的资源方互补，同时覆盖线下车和家的场景。通过开源联盟伙伴基本可以覆盖大部分用户的使用场景。 姜华：超级流量池，生态新机遇 同程艺龙小程序总负责人姜华表示，移动互联网阶段竞争集中在APP上，在App Store的投放和优化均以用户需求线索为中心。但现在在超级APP上、微信生态中，需求被打散在用户的行为当中，需求中心节点、枢纽节点难以找到。这需要商家在生态环境中和平台一起互动获取需求，并且满足客户。 作为超级APP、小程序生态要满足四个条件：首先，本身超级APP能力非常强；其次，超级平台必须是开放的，而且有持续的开放性输出；再次，超级平台和商家之间一定要相互互动且不加深协作的深度；最后，生态内有一定的生存规则。 商家在超级APP中生存需要关注四点： 其一，快。商家的应对速度、变革和迭代的能力要非常快； 其二，简而不减。小程序简化了每个用户访问特定商家服务的深度，但却有了可视化的内容，和APP相比原生的体验并未减掉； 其三，柔性对接；商家希望跟客人有更柔性的接触，用户也希望有软的入口，而非硬梆梆的广告。多入口的形式可以帮助商家和用户之间强化双向的获得感； 其四，商业模式。小程序不仅仅是一种工具、获客的突进，更多是可以产生特定的商业模式，可以变现成为商业价值的。 周赫：内容类小程序将是一个大赛道 小年糕合伙人周赫认为“小年糕”之所以能够在微信小程序中的排名急剧上升，主要是运气，以及公司超前战略部署，用户价值导向，以人为本的文化价值观。 超前战略部署：小年糕从2014年即放弃做APP，直接以公众号中打开网页的形式为用户提供制作服务，进军微信生态； 用户价值导向：在公司发展过程中极其重视用户体验，例如将收费模板改为免费等，以此获取用户品牌信任并与用户形成强链接； 以人为本的文化价值观：视团队成长为核心竞争力，快速迭代，持续成长。 “当掌握了少数人掌握的真理和规律就会拥有更好的机会，而这些认知不均衡的地方往往是出现在边界的地方。”周赫最后表示。 产业互联网如同大基站，在“新政策，新技术，新理念”三新战略的倡导下滋养更多新兴项目落地应用，在传统行业、互联网行业的转型之路上扮演了助推器角色，正值亿欧2019全球新经济年会期间，特此设立产业互联网峰会，力求从全球视角解析IT服务智能发展，邀请国内外一线企业分享行业发展历程及未来趋势。 您在本场论坛可以了解到软件、硬件、物联网、5G、ABC的服务进化史，了解到新资本新市场的走向。当我们的生活离不开技术，或许整个全球市场、服务商、用户都应该对之有更深的思考。 峰会报名链接： https://www.iyiou.com/post/ad/id/802 版权声明 本文来源亿欧，经亿欧授权发布，版权归原作者所有。转载或内容合作请点击转载说明，违规转载法律必究。"}
